"1st","Class Automotive http://firstclassautomotive.com/ "1st Class Automotive"","automotive"
"5","Star Awards http://www.5starawards.net/ "5 Star Awards"","business-services"
"919Dents","https://www.919dents.com/ "919Dents"","automotive"
"A","Hammer and Nail Construction http://www.ahammerandnail.com/ "A Hammer and Nail Construction"","construction"
"A","Touch of Color Painting http://www.theraleighpaintcontractor.com/ "A Touch of Color Painting"","home-services"
"A+","Power Washing https://powerwashingnc.com/ "A+ Power Washing"","home-services"
"Abba","Bail Bonds https://www.facebook.com/raleighbailbondsman/ "Abba Bail Bonds"","legal"
"Absolute","Automotive http://absoluteautomotive.com/ "Absolute Automotive"","automotive"
"Accent","Imaging http://www.accentimaging.com/ "Accent Imaging"","business-services"
"Air","System Services https://airsystemservices.com/ "Air System Services"","home-services"
"AJ","Concrete Contractors https://www.concretecontractorraleigh.com/ "AJ Concrete Contractors"","construction"
"AJ","Concrete Contractors https://www.concretecontractorraleigh.com/ "AJ Concrete Contractors"","home-services"
"Alan's","Towing & Muffler Service http://alanstowing.com/ "Alan's Towing & Muffler Service"","automotive"
"Alford","Law Firm, PLLC http://www.alfordlawfirm.com/ "Alford Law Firm, PLLC"","legal"
"All","About Blinds & Shutters http://allaboutblindsnc.com/ "All About Blinds & Shutters"","home-services"
"Allen","Tate Realtors http://www.allentate.com/ "Allen Tate Realtors"","realestate"
"Alternate","Access http://alternateaccess.com/ "Alternate Access"","business-services"
"AmericaSelect","Mortgage, Inc. http://asmplanning.com/ "AmericaSelect Mortgage, Inc."","home-services"
"Amy","Crosby Photography http://www.amycrosbyphotography.com/ "Amy Crosby Photography"","business-services"
"Anderson","Painting http://www.andersonpaintingnc.com/ "Anderson Painting"","home-services"
"Angel","Oak Creative http://www.angeloakcreative.com/ "Angel Oak Creative"","business-services"
"ARC","Powerwashing http://arcpw.com/ "ARC Powerwashing"","home-services"
"Atlantic","Auto Exchange http://www.atlanticautoexchange.com/ "Atlantic Auto Exchange"","automotive"
"Auto","Interiors & Tops, Inc. http://autointeriorsandtops.com/ "Auto Interiors & Tops, Inc."","automotive"
"Auto","Logic http://autologiconline.com/ "Auto Logic"","automotive"
"Auto","Park, Inc. http://autoparkinc.com/about.php "Auto Park, Inc."","automotive"
"Autohaus","Import Service http://www.autohausimportservice.com/ "Autohaus Import Service"","automotive"
"AV","Agents https://avagents.com/ "AV Agents"","business-services"
"AV","Solutions http://www.avsolutions.com/ "AV Solutions"","business-services"
"AVEC","Service Center http://avecservicecenter.com/ "AVEC Service Center"","automotive"
"B&T","Expedite & Delivery Service http://btexpedite.net/ "B&T Expedite & Delivery Service"","business-services"
"Backyard","Leisure http://spapoolbilliards.com/ "Backyard Leisure"","home-services"
"Barker","Realty Inc https://barker-inc.com/ "Barker Realty Inc"","realestate"
"Belmonte","Auto Imports (FEATURED https://belmonteauto.com/ "Belmonte Auto Imports (FEATURED","automotive"
"Bimmer","Performance Center, LLC http://bimmerperformancecenter.com/ "Bimmer Performance Center, LLC"","automotive"
"Birch-Moore,","Inc. https://www.birchmoore.com/ "Birch-Moore, Inc."","home-services"
"Birch-Moore,","Inc. https://www.birchmoore.com/ "Birch-Moore, Inc."","realestate"
"Blackmon","Insurance https://www.blackmoninsurance.com/ "Blackmon Insurance"","business-services"
"BluPenguin","Graphics https://www.facebook.com/pg/blupenguingraphics/about/?ref=page_internal "BluPenguin Graphics"","business-services"
"Bolton","Service http://boltonservice.com/ "Bolton Service"","home-services"
"Brackett","Foundation Support Systems http://brackettfoundation.com/ "Brackett Foundation Support Systems"","home-services"
"Brian","Mullins Photography https://www.brianmullinsphotography.com/ "Brian Mullins Photography"","business-services"
"Brooke","& Birdie Interior Design http://www.brooke-birdie.com/ "Brooke & Birdie Interior Design"","home-services"
"Burning","Oak Studios http://www.burningoakstudios.com/ "Burning Oak Studios"","business-services"
"Cabinets","By Horizon http://horizoncabinetry.com/ "Cabinets By Horizon"","home-services"
"Capital","Accounting & Taxation, LLC http://mytaxbreaks.com/ "Capital Accounting & Taxation, LLC"","financial"
"Capital","Area Workforce Development http://www.capitalareawdb.com/ "Capital Area Workforce Development"","business-services"
"Capital","Auto https://capitalauto.co/ "Capital Auto"","automotive"
"Capital","Auto Repair and Service (FEATURED http://capitalauto.co/ "Capital Auto Repair and Service (FEATURED","automotive"
"Capital","Pest Services https://www.capitalpest.com/ "Capital Pest Services"","home-services"
"Capital","Sign Solutions http://capitalsignsolutions.com/ "Capital Sign Solutions"","business-services"
"Capitol","City Lumber http://capitolcitylumber.com/ "Capitol City Lumber"","construction"
"CAR","Audio & Security Inc http://teamcaraudio.com/ "CAR Audio & Security Inc"","automotive"
"Carolina","ATM http://carolinaatm.com/ "Carolina ATM"","business-services"
"Carolina","Design & Construction http://carolina-construction.com/ "Carolina Design & Construction"","construction"
"Carolina","Earth Movers http://carolinaearthmovers.com/ "Carolina Earth Movers"","construction"
"Carolina","Pediatric Dentistry https://carolinapedo.com/ "Carolina Pediatric Dentistry"","dental"
"Carolina","Restoration Services http://carolinarestorationservices.com/ "Carolina Restoration Services"","home-services"
"Carolina","Sew-n-Vac https://www.carolinasewnvac.com/ "Carolina Sew-n-Vac"","home-services"
"Carolina","Water Damage Restoration https://carolinawaterdamage.com/ "Carolina Water Damage Restoration"","business-services"
"Carpets","Plus of Raleigh http://carpetsplusraleigh.com/ "Carpets Plus of Raleigh"","home-services"
"Cary","Reconstruction http://www.callcrc.com/ "Cary Reconstruction"","construction"
"Cary","Saver http://www.carysaver.com/index.html "Cary Saver"","business-services"
"Casey","B Photography https://caseybalesphotography.weebly.com/ "Casey B Photography"","business-services"
"Cast","Iron Elegance, Inc. http://www.castironelegance.com/ "Cast Iron Elegance, Inc."","home-services"
"CEI","- The Digital Office http://www.copycei.com/ "CEI - The Digital Office"","business-services"
"Celito","Communications http://www.celito.net/ "Celito Communications"","business-services"
"Champs","Asphalt Paving & Seal Coating http://champspaving.com/ "Champs Asphalt Paving & Seal Coating"","construction"
"City","Autoworks http://www.cityautoworks.com/ "City Autoworks"","automotive"
"City","of Oaks Home Inspections and General Contracting, LLC http://cityofoaksgeneralcontracting.com/ "City of Oaks Home Inspections and General Contracting, LLC"","home-services"
"CITY","OF OAKS LAW http://www.lawofficejwa.com/ "CITY OF OAKS LAW"","legal"
"CityPlat","http://cityplat.com/ "CityPlat"","realestate"
"Clark","Insurance https://goclarkinsurance.com/ "Clark Insurance"","automotive"
"Clark","Insurance https://goclarkinsurance.com/ "Clark Insurance"","home-services"
"Clear","Choice Electric http://www.clearchoiceelectric.com/ "Clear Choice Electric"","home-services"
"Clifton","Lane, Inc. http://cliftonlaneconstruction.com/ "Clifton Lane, Inc."","construction"
"Coaching","Support http://coachingsupport.com/ "Coaching Support"","business-services"
"Connectmatic","business technology http://www.connectmatic.com/ "Connectmatic business technology"","business-services"
"Consult","& Pepper https://www.consultandpeppernc.com/ "Consult & Pepper"","business-services"
"Cooperative","Latino Credit Union http://www.latinoccu.org/en "Cooperative Latino Credit Union"","financial"
"Covenant","Roofing and Construction https://covenantroofingusa.com/ "Covenant Roofing and Construction"","construction"
"Covenant","Roofing and Construction https://covenantroofingusa.com/ "Covenant Roofing and Construction"","home-services"
"Cox","Accounting and Financial Services https://coxacctsvcs.com/ "Cox Accounting and Financial Services"","business-services"
"Craft","Commercial http://www.craftcommercial.com/ "Craft Commercial"","realestate"
"Creative","Design Constructs http://creativedesignconstructs.com/ "Creative Design Constructs"","home-services"
"CS","Financial & Accounting Services http://csfas.com/ "CS Financial & Accounting Services"","business-services"
"Cubillos,","Inc. https://www.cubillosinc.com/ "Cubillos, Inc."","business-services"
"Custom","Equipment Company http://www.custommhs.com/ "Custom Equipment Company"","business-services"
"CW","Performance http://cwperformance.com/ "CW Performance"","automotive"
"Davidson,","Holland, Whitesell & Co., PLLC http://www.dhw.net/index.php "Davidson, Holland, Whitesell & Co., PLLC"","financial"
"Dean’s","Wrecker Service https://www.deanswreckerservice.com/ "Dean’s Wrecker Service"","automotive"
"Delta","Leadership http://deltaleadership.com/ "Delta Leadership"","business-services"
"Dent","Eliminators http://dentelim.com/ "Dent Eliminators"","automotive"
"DesignBox","http://www.designbox.us/ "DesignBox"","business-services"
"Devins","Law Firm http://devinslaw.com/ "Devins Law Firm"","legal"
"Devlin's","Plumbing and Construction http://devlinsplumbing.net/ "Devlin's Plumbing and Construction"","home-services"
"DigiSign","http://digi-signs.com/ "DigiSign"","business-services"
"Dozier","Law Firm PLLC http://dozierlawfirm.com/ "Dozier Law Firm PLLC"","legal"
"Dr.","Craig M. Mize DDS PA http://drmize.com/ "Dr. Craig M. Mize DDS PA"","dental"
"Dr.","Philip A. Lisk DDS http://drlisk.com/ "Dr. Philip A. Lisk DDS"","dental"
"Dr.","Robert Kent & Associates http://www.carolinabraces.com/ "Dr. Robert Kent & Associates"","dental"
"Draperies","by Townes http://www.draperiesbytownes.com/ "Draperies by Townes"","home-services"
"DRM","Motorworx http://www.drmmotorworx.com/ "DRM Motorworx"","automotive"
"Eatmans","Carpets and Interiors http://eatmansinc.com/ "Eatmans Carpets and Interiors"","home-services"
"Edge","Office http://edgeoffice.com/ "Edge Office"","business-services"
"Element","Service Group, Inc http://www.callelement.com/ "Element Service Group, Inc"","home-services"
"Elite","Auto Sales http://elite-auto-sales.com/ "Elite Auto Sales"","automotive"
"Ellis","Family Law, P.L.L.C. Attorneys at Law http://www.ellisfamilylaw.com/ "Ellis Family Law, P.L.L.C. Attorneys at Law"","legal"
"Energeyes","http://energeyesonline.com/ "Energeyes"","home-services"
"Engaging","Signs and Graphics https://engagingsigns.com/ "Engaging Signs and Graphics"","business-services"
"EnviroFix","http://envirofixinc.com/ "EnviroFix"","automotive"
"Epic","Auto Center https://epicautocenter.com/ "Epic Auto Center"","automotive"
"Eric","Stearns Painting http://ericstearns.com/ "Eric Stearns Painting"","home-services"
"Erik","Macenas Design http://macenas.com/ "Erik Macenas Design"","business-services"
"Euro","Motors Service and Sales http://euromotorsdowntown.com/ "Euro Motors Service and Sales"","automotive"
"European","Performance http://www.europeanperformance.net/ "European Performance"","automotive"
"EZ","Does It https://ezdipressurewash.com/ "EZ Does It"","home-services"
"F.","Scott Davis Chimney Sweep http://www.yourashismine.com/ "F. Scott Davis Chimney Sweep"","home-services"
"Financial","Directions Group http://www.financialdirections.com/new/financialdirections/ "Financial Directions Group"","financial"
"Fiscal","Progress http://fiscalprogress.org/ "Fiscal Progress"","financial"
"Fisher","Flooring http://fisherflooring.com/ "Fisher Flooring"","construction"
"Fisher","Hardwood Flooring, Inc. http://fisherflooring.com/ "Fisher Hardwood Flooring, Inc."","home-services"
"Five","Points Center for Aesthetic Dentistry http://www.drandreaus.com/ "Five Points Center for Aesthetic Dentistry"","dental"
"Focus","Design Builders http://focusdesignbuilders.com/ "Focus Design Builders"","construction"
"French","Connections https://www.french-nc.com/?ccUser= "French Connections"","home-services"
"Friedrichs","Automotive Service and Transmission Repair http://fastautonc.com/ "Friedrichs Automotive Service and Transmission Repair"","automotive"
"Frolic","& Co. Photography http://frolicandco.com/ "Frolic & Co. Photography"","business-services"
"Galanova","branding services http://galanova.com/ "Galanova branding services"","business-services"
"Galanova","http://galanova.com/ "Galanova"","business-services"
"Garner","TV & Appliance http://garnertv.com/ "Garner TV & Appliance"","home-services"
"Garrett","Electric Heating and Air https://www.facebook.com/pages/Garrett-Electric-Heating-and-Air/397849383665149 "Garrett Electric Heating and Air"","home-services"
"Gary","Davis Presents http://garydavispresents.com/ "Gary Davis Presents"","business-services"
"Gaylor,","Inc. of North Carolina http://gaylor.com/ "Gaylor, Inc. of North Carolina"","home-services"
"Gillooly","& Associates Realty https://www.gilloolyrealty.com/ "Gillooly & Associates Realty"","realestate"
"Glas","http://www.glas.work/ "Glas"","business-services"
"Glass-Fix","Windshield Repair http://glassfix.wixsite.com/glassfix "Glass-Fix Windshield Repair"","automotive"
"Glenwood","Smiles http://www.glenwoodsmiles.com/ "Glenwood Smiles"","dental"
"Grass","Roots Press http://grassrootspress.net/ "Grass Roots Press"","business-services"
"Group3","Communications http://group3online.com/ "Group3 Communications"","business-services"
"Gutter","Works of NC http://gutterworksofnc.com/ "Gutter Works of NC"","home-services"
"Hale","Law Firm, PC https://halecriminallaw.com/ "Hale Law Firm, PC"","legal"
"Hesketh,","inc. http://hesketh.com/home "Hesketh, inc."","business-services"
"Highlands","Roofing https://www.highlands-roofing.com/ "Highlands Roofing"","construction"
"Highlands","Roofing https://www.highlands-roofing.com/ "Highlands Roofing"","home-services"
"Hipsteria","http://www.hipsteriamodern.com/ "Hipsteria"","home-services"
"Holland","Rent All http://www.hollandrentall.com/ "Holland Rent All"","construction"
"HOLLINGSWORTH","AUTO SALES http://www.guysautosales.net/ "HOLLINGSWORTH AUTO SALES"","automotive"
"Home","Styles http://homestylin4u.com/ "Home Styles"","home-services"
"HomeTowne","Realty 4042 http://www.myhtr4042.com/ "HomeTowne Realty 4042"","realestate"
"HUB","RALEIGH http://www.hubraleigh.com/ "HUB RALEIGH"","business-services"
"Humming","Bird Creative Group http://hummingbird-creative.com/ "Humming Bird Creative Group"","business-services"
"I","Sharpen It http://www.isharpenit.com/ "I Sharpen It"","business-services"
"I","Watch Security http://www.iwatchsecurity.com/ "I Watch Security"","business-services"
"Ikiniki","Photography https://www.modelmayhem.com/ikinikiphoto "Ikiniki Photography"","business-services"
"Import","Motor Werks http://www.imwnc.com/ "Import Motor Werks"","automotive"
"In","Focus Studios http://infocusstudios.com/ "In Focus Studios"","business-services"
"Industry","Supply http://www.industrysupplyinc.com/ "Industry Supply"","business-services"
"Insurance","People of North Carolina https://inspeopleofnc.com/ "Insurance People of North Carolina"","business-services"
"Insurance","People of North Carolina https://inspeopleofnc.com/ "Insurance People of North Carolina"","home-services"
"Integrated","Information Systems, Inc. http://iisysinc.com/ "Integrated Information Systems, Inc."","business-services"
"Interior","Inspirations http://www.interior-inspirations.net/ "Interior Inspirations"","home-services"
"Iron","Box Power Distribution http://pduwhips.com/ "Iron Box Power Distribution"","business-services"
"IWC","Sealcoating & Line Striping, Inc. http://iwcsealcoating.com/ "IWC Sealcoating & Line Striping, Inc."","business-services"
"J","Kephart Real Estate http://jkephartre.com/ "J Kephart Real Estate"","realestate"
"Jacksons","Carpentry Inc http://jacksonscarpentry.com/ "Jacksons Carpentry Inc"","construction"
"Janko","Import Cars http://jankocars.com/ "Janko Import Cars"","automotive"
"Jay","Izso http://www.jayizso.com/ "Jay Izso"","business-services"
"Jeannie","Blinson Portrait Design http://www.jeannieblinsonphotography.com/ "Jeannie Blinson Portrait Design"","business-services"
"Johnson's","Mobile Detailing http://johnsonsmobiledetailing.com/ "Johnson's Mobile Detailing"","automotive"
"June-Neri","Financial http://junenerifinancial.com/junenerifinancial.aspx "June-Neri Financial"","financial"
"K","Lynn Innovations, LLC https://www.klynninnovations.com/ "K Lynn Innovations, LLC"","business-services"
"Kathy","Howard Portrait https://www.kathyhowardportrait.com/ "Kathy Howard Portrait"","business-services"
"Kelley","Family Law & Mediation http://www.kelley-familylaw.com/ "Kelley Family Law & Mediation"","legal"
"Kenny","Hawkins Automotive http://www.kennyhawkins.com/ "Kenny Hawkins Automotive"","automotive"
"Khot","& Associates, PLLC http://khotlaw.com/ "Khot & Associates, PLLC"","legal"
"Killer","Creative Group http://killercreative.net/ "Killer Creative Group"","business-services"
"Krichco","Construction Inc. http://krichco.com/ "Krichco Construction Inc."","construction"
"Kuson","Construction Company, LLC http://www.kusanconstruction.com/ "Kuson Construction Company, LLC"","home-services"
"Laser","Support Services - Printer Stop http://printerstop.com/ "Laser Support Services - Printer Stop"","business-services"
"Law","Office of D. Hardison Wood http://www.hardisonwood.com/ "Law Office of D. Hardison Wood"","legal"
"Lease","A Sales Rep http://leaseasalesrep.com/ "Lease A Sales Rep"","business-services"
"Leaves","Out http://raleighgutterguards.com/ "Leaves Out"","home-services"
"Ledbetter","& Titsworth, PA http://mynclawyer.com/ "Ledbetter & Titsworth, PA"","legal"
"Lee's","Hardwood Floors, Inc. http://www.leeshardwoodfloors.com/ "Lee's Hardwood Floors, Inc."","home-services"
"Legacy","Lighting http://www.legacylightingllc.com/main.html "Legacy Lighting"","home-services"
"Levinson","& Axford Law, P.A. http://levinsonaxfordlaw.com/ "Levinson & Axford Law, P.A."","legal"
"Lie","+ Loft https://lieandloft.com/ "Lie + Loft"","home-services"
"Lighthouse","Garage Doors http://www.lighthousedoor.com/ "Lighthouse Garage Doors"","home-services"
"Linda","Craft & Team, REALTORS® http://www.lindacraft.com/ "Linda Craft & Team, REALTORS®"","realestate"
"Liquid","Designs http://www.liquiddesignsnc.com/ "Liquid Designs"","construction"
"Liquid","Designs http://www.liquiddesignsnc.com/ "Liquid Designs"","home-services"
"Lisa","Parkinson Photography https://www.facebook.com/LisaParkinsonPhotography/?hc_location=ufi "Lisa Parkinson Photography"","business-services"
"Live","Oak Leadership http://liveoakleadership.net/ "Live Oak Leadership"","business-services"
"LiveGreen","Inc http://livegreeninc.com/ "LiveGreen Inc"","home-services"
"Lizard","Lick Towing http://lizardlicktowing.com/ "Lizard Lick Towing"","automotive"
"Lovette","Properties https://lovetteproperties.com/ "Lovette Properties"","realestate"
"LSM","Insurance Associates http://lsminsurance.net/ "LSM Insurance Associates"","business-services"
"Lundie's","Photography http://lundiesphotography.com/ "Lundie's Photography"","business-services"
"M&M","Consultants, Inc. http://mikemcconchie.com/ "M&M Consultants, Inc."","business-services"
"Magnolia","Estate sales https://www.magnoliaestatesales.net/ "Magnolia Estate sales"","realestate"
"Majestic","Solutions http://majesticsolutionsinc.com/ "Majestic Solutions"","automotive"
"Make","A Key Locksmith https://www.makeakey.com/ "Make A Key Locksmith"","home-services"
"Marinello","Designs http://marinellodesigns.com/ "Marinello Designs"","business-services"
"Matrix","Painting, Inc. http://www.matrixpaintinginc.com/ "Matrix Painting, Inc."","home-services"
"Maximum","Security Advantage http://whensafetymatters.com/ "Maximum Security Advantage"","home-services"
"MAZ","Landscaping https://mazlandscaping.com/ "MAZ Landscaping"","home-services"
"Michael","Holesh DDS http://holeshfamilydentistry.com/ "Michael Holesh DDS"","dental"
"Mitchell","& Nemitz, PA https://mitchellnemitzcpa.com/ "Mitchell & Nemitz, PA"","business-services"
"Mitchell","& Nemitz, PA https://mitchellnemitzcpa.com/ "Mitchell & Nemitz, PA"","financial"
"MMI","Public Relations http://mmipublicrelations.com/ "MMI Public Relations"","business-services"
"Moesta","& Fife, PLLC http://moestalaw.com/ "Moesta & Fife, PLLC"","legal"
"Mogy","Law https://919law.com/ "Mogy Law"","legal"
"Monograms,","Inc. http://www.monogramsinc.net/ "Monograms, Inc."","home-services"
"Moore","Printing & Graphics http://moorepandg.com/ "Moore Printing & Graphics"","business-services"
"Move","Elders with Ease http://moveelderswithease.com/ "Move Elders with Ease"","home-services"
"Murdock","and Gannon http://murdockandgannon.com/ "Murdock and Gannon"","construction"
"Murray's","New & Used Tire Bargains http://murraystirebargains.com/ "Murray's New & Used Tire Bargains"","automotive"
"My","Dog Tess http://www.mydogtess.com/ "My Dog Tess"","realestate"
"My","Pro Photographer https://www.myprophotographer.com/ "My Pro Photographer"","business-services"
"NC","Appliance http://www.raleighappliancerepairs.org/ "NC Appliance"","home-services"
"NC","Rebuild http://ncrebuild.com/ "NC Rebuild"","home-services"
"NC","Siding And Windows http://ncsidingandwindows.com/ "NC Siding And Windows"","home-services"
"NC","Solar Now http://ncsolarnow.com/ "NC Solar Now"","home-services"
"Neu","Wave Systems http://neuwavesystems.com/ "Neu Wave Systems"","home-services"
"New","Image Improvements http://newimageimprovements.com/ "New Image Improvements"","home-services"
"Non","Stop Portals http://nonstopportals.com/ "Non Stop Portals"","business-services"
"North","Carolina Hispanic Chamber of Commerce http://nchispanicchamber.org/welcome/ "North Carolina Hispanic Chamber of Commerce"","business-services"
"Oak","City Customs https://oakcitycustoms.com/ "Oak City Customs"","business-services"
"Oak","City Customs https://oakcitycustoms.com/ "Oak City Customs"","construction"
"Oak","City Customs https://oakcitycustoms.com/ "Oak City Customs"","home-services"
"Oceanic","Communications http://seacom.net/ "Oceanic Communications"","business-services"
"Old","Raleigh Carpentry http://oldraleighcarpentry.com/ "Old Raleigh Carpentry"","home-services"
"Old","South Masonry http://www.oldsouthmasonryinc.com/ "Old South Masonry"","home-services"
"Olsen","Realty Group https://org-nc.com/ "Olsen Realty Group"","realestate"
"Olson","Home Services http://olsonhomeservices.com/ "Olson Home Services"","home-services"
"Olson","Realty Group http://org-nc.com/ "Olson Realty Group"","realestate"
"One","Call Plumbing Services http://onecallplumbing.com/ "One Call Plumbing Services"","home-services"
"O'Neal","& Company Realtors http://johnoneal.net/ "O'Neal & Company Realtors"","realestate"
"Orange","Recycling Services http://orangerecyclingservices.com/ "Orange Recycling Services"","business-services"
"Oz","Roofing & Services http://www.ozroofing.com/ "Oz Roofing & Services"","home-services"
"Patrick","Realty http://patrickrealty.com/ "Patrick Realty"","realestate"
"Paul","Coggins, DDS, MPH family and cosmetic dentistry http://paulcogginsdds.com/ "Paul Coggins, DDS, MPH family and cosmetic dentistry"","dental"
"PCMaximum","http://pcmaximum.net/ "PCMaximum"","business-services"
"Peak","Junk Removal https://peakjunkremoval.com/ "Peak Junk Removal"","construction"
"Peak","Junk Removal https://peakjunkremoval.com/ "Peak Junk Removal"","home-services"
"Peak","Junk Removal https://peakjunkremoval.com/ "Peak Junk Removal"","realestate"
"Percivall","Advertising http://percivalladvertising.com/ "Percivall Advertising"","business-services"
"Performance","Automall http://www.performanceautomall.com/index.htm "Performance Automall"","automotive"
"Phenix","Custom Carpentry https://www.facebook.com/Phenixcustomcarpentry "Phenix Custom Carpentry"","home-services"
"Pimp","My Game Room http://pimpmygameroom.com/ "Pimp My Game Room"","home-services"
"Pinnacle","Towing Service http://pinnacletowingservice.com/ "Pinnacle Towing Service"","automotive"
"Point","Concepts http://pointconcepts.com/ "Point Concepts"","business-services"
"Precision","Collision Repair http://precisioncollision.net/Home.html "Precision Collision Repair"","automotive"
"Precision","Pressure Wash Inc. http://precisionpressurewash.com/ "Precision Pressure Wash Inc."","home-services"
"Precision","Walls http://www.precisionwalls.com/index.html "Precision Walls"","business-services"
"Premier","Dentistry of Wake Forest http://premierdentistryofwakeforest.com/ "Premier Dentistry of Wake Forest"","dental"
"Premium","Imports http://www.premiumimp.com/ "Premium Imports"","automotive"
"Prestige","Pools http://prestigepoolsnc.com/ "Prestige Pools"","home-services"
"Pro","Green Company http://www.progreenco.com/ "Pro Green Company"","construction"
"Professional","Billiards https://www.pooltablemechanics.com/ "Professional Billiards"","home-services"
"Professional","Design & Imprints http://www.pdi-prints.com/ "Professional Design & Imprints"","business-services"
"Protekt","Pest Solutions http://www.protektpest.com/ "Protekt Pest Solutions"","home-services"
"Quality","Construction Products http://qcpcolor.com/ "Quality Construction Products"","home-services"
"Quality","Counts Mechanical Services http://qualitycountsmechanical.com/ "Quality Counts Mechanical Services"","home-services"
"Quick","Moves Moving Company http://quickmovesnc.com/ "Quick Moves Moving Company"","home-services"
"Raiment","Designs http://www.raimentdesigns.com/ "Raiment Designs"","home-services"
"Raleigh","Allsec Garage Doors http://raleigh-garage-doors-allsec.com/ "Raleigh Allsec Garage Doors"","home-services"
"Raleigh","Comprehensive and Cosmetic Dentistry http://raleighdentist.com/ "Raleigh Comprehensive and Cosmetic Dentistry"","dental"
"Raleigh","Custom Homes http://raleighcustomhomes.net/ "Raleigh Custom Homes"","realestate"
"Raleigh","Garage Doors http://garagedoorrepairraleighnc.com/ "Raleigh Garage Doors"","home-services"
"Raleigh","Gutter Pros http://www.raleighgutterpros.com/ "Raleigh Gutter Pros"","home-services"
"Raleigh","Merchant Services http://raleighmerchantservices.com/ "Raleigh Merchant Services"","business-services"
"Raleigh","New Home Realty https://raleighnewhomerealty.com/ "Raleigh New Home Realty"","realestate"
"Raleigh","Pediatric Dentistry http://raleighpedo.com/ "Raleigh Pediatric Dentistry"","dental"
"Raleigh","Realty Homes https://www.raleighrealtyhomes.com/ "Raleigh Realty Homes"","home-services"
"Raleigh","Realty Homes https://www.raleighrealtyhomes.com/ "Raleigh Realty Homes"","realestate"
"Ready","Wrench http://readywrench.net/ "Ready Wrench"","home-services"
"Real","Detail https://realdetailnc.com/ "Real Detail"","automotive"
"Rebecca","Keller Photography http://rebeccakellerphotography.com/ "Rebecca Keller Photography"","business-services"
"ReCo","Cleaning Services https://www.recocleaning.com/ "ReCo Cleaning Services"","home-services"
"Red","Bridge Photography http://redbridgephoto.com/ "Red Bridge Photography"","business-services"
"Red","Feather Designs http://www.facebook.com/RedFeatherDesigns "Red Feather Designs"","home-services"
"Reliable","Import Service http://www.reliableimportservice.com/ "Reliable Import Service"","automotive"
"Renaissance","Dental Center http://northhillsdentists.com/ "Renaissance Dental Center"","dental"
"Response","Point http://responsepoint.com/ "Response Point"","business-services"
"Richardson","Law Firm http://www.kwrlawfirm.net/ "Richardson Law Firm"","legal"
"Right","Brain Branding Consultants http://rightbrainstudio.com/ "Right Brain Branding Consultants"","business-services"
"Right","Connections http://rightconnectionsnc.com/ "Right Connections"","business-services"
"Right","Connections http://rightconnectionsnc.com/ "Right Connections"","home-services"
"Right","Foot Forward Marketing and Web Design http://www.rightfootforward.info/ "Right Foot Forward Marketing and Web Design"","business-services"
"Rising","Sun Pools - Pools and Spas http://risingsunpools.com/ "Rising Sun Pools - Pools and Spas"","home-services"
"Riverview","Galleries Fine Furniture & Interiors http://furniturestorenc.com/ "Riverview Galleries Fine Furniture & Interiors"","home-services"
"RJR","Appraisals http://www.rjrappraisals.com/ "RJR Appraisals"","home-services"
"Robert","B. Allen, D.D.S., P.A. http://www.raleighdentalexcellence.com/ "Robert B. Allen, D.D.S., P.A."","dental"
"Rufty","Homes http://ruftyhomes.com/ "Rufty Homes"","construction"
"Rural","Plumbing and Heating http://rphnc.com/ "Rural Plumbing and Heating"","home-services"
"Ryan's","Auto World http://ryansautoworld.com/ "Ryan's Auto World"","automotive"
"S&A","Cherokee Intelligent Communications http://www.sacherokee.com/ "S&A Cherokee Intelligent Communications"","business-services"
"ScriptureArt","http://scriptureartdesigns.com/ "ScriptureArt"","home-services"
"Season","Moore Portraits for Professionals http://www.ncheadshots.com/ "Season Moore Portraits for Professionals"","business-services"
"Secure","Network Administration, Inc. http://securena.com/ "Secure Network Administration, Inc."","business-services"
"Sew","Fine II http://sewfine2.com/ "Sew Fine II"","home-services"
"Sharkys","Auto Glass http://www.sharkysautoglass.com/ "Sharkys Auto Glass"","automotive"
"Shutterlab","Creative http://shutterlabcreative.com/ "Shutterlab Creative"","business-services"
"Sign","Scientist http://signscientist.com/ "Sign Scientist"","business-services"
"Simply","Bliss Studio http://www.simplyblissstudio.com/ "Simply Bliss Studio"","business-services"
"Site","Scapes http://site-scapes.com/ "Site Scapes"","home-services"
"Sly","Fox Marketing and Promotion http://www.slyfoxmarketingandpromotion.com/ "Sly Fox Marketing and Promotion"","business-services"
"Smith","& Smith, CPA, P.C. http://www.smithandsmithcpa.com/ "Smith & Smith, CPA, P.C."","financial"
"Smith","Bowers, PLLC http://smithbowers.com/ "Smith Bowers, PLLC"","business-services"
"Smith","Bowers, PLLC http://smithbowers.com/ "Smith Bowers, PLLC"","legal"
"Sound","Office Solutions Inc http://soundos.com/ "Sound Office Solutions Inc"","business-services"
"Southern","Classic Cars http://southernclassiccarsnc.com/index.php?section=1 "Southern Classic Cars"","automotive"
"Southern","Energy Management https://southern-energy.com/ "Southern Energy Management"","construction"
"Southern","Energy Management https://southern-energy.com/ "Southern Energy Management"","home-services"
"Southern","Label Services http://www.southernlabelservices.com/ "Southern Label Services"","business-services"
"Sparkkles","Restoration http://sparkkles.com/ "Sparkkles Restoration"","home-services"
"Spritzer","Commercial Properties http://spritzercommercial.com/ "Spritzer Commercial Properties"","business-services"
"St.","Mary's Family Dentistry http://stmarysdds.com/ "St. Mary's Family Dentistry"","dental"
"Staff","Zone temporary staffing http://thestaffzone.com/ "Staff Zone temporary staffing"","business-services"
"Stainless","Steel Specialties http://www.ssspec.com/ "Stainless Steel Specialties"","construction"
"Standard","Repair & Paint Contractors http://www.standardrepairandpaint.com/ "Standard Repair & Paint Contractors"","construction"
"Stein","Finishes Painting Company http://steinpainting.com/ "Stein Finishes Painting Company"","home-services"
"Sterling","Employment Solutions http://www.sterlingemployment.com/ "Sterling Employment Solutions"","business-services"
"Stetten","Home Services http://energyhandyman.com/ "Stetten Home Services"","home-services"
"Stetten","Home Services https://energyhandyman.com/ "Stetten Home Services"","home-services"
"Stetten","Realty Inc http://stettenrealty.com/ "Stetten Realty Inc"","realestate"
"Steve","Minor Appraisals and Estate Liquidations https://www.steveminorestatesales.com/ "Steve Minor Appraisals and Estate Liquidations"","realestate"
"Steven","Walker Brand Development and Coaching for Growing Companies http://imwithwwe.wix.com/mybizcoach#! "Steven Walker Brand Development and Coaching for Growing Companies"","business-services"
"Stewart's","Heating and Air Conditioning, Inc. http://www.stewartsheatingandair.com/ "Stewart's Heating and Air Conditioning, Inc."","home-services"
"studio","a+h https://www.studioaandh.com/ "studio a+h"","business-services"
"studio","a+h https://www.studioaandh.com/ "studio a+h"","construction"
"studio","a+h https://www.studioaandh.com/ "studio a+h"","home-services"
"Successful","Staging, LLC http://successfulstaging.com/ "Successful Staging, LLC"","home-services"
"Sunrise","Dental http://dinahvice-sunrisedental.com/ "Sunrise Dental"","dental"
"SuperWillie","Productions https://www.superwillieproductions.com/ "SuperWillie Productions"","business-services"
"Supremia","Dentistry http://www.supremiadentistry.com/ "Supremia Dentistry"","dental"
"Sustainable","Pest Systems http://sustainablepest.com/ "Sustainable Pest Systems"","home-services"
"Sweeps","http://sweeps.jobs/ "Sweeps"","home-services"
"Sweet","Home Investment Realty https://www.sweethomeraleigh.com/ "Sweet Home Investment Realty"","realestate"
"Taibi","Kornbluth Law Group, P.A. http://www.taibikornbluth.com/ "Taibi Kornbluth Law Group, P.A."","legal"
"Tanya","Young Modern Visual Arts http://www.tanyayoung.com/ "Tanya Young Modern Visual Arts"","business-services"
"Tara","Lee Consulting http://www.taraleeconsulting.com/ "Tara Lee Consulting"","business-services"
"Taylors","Pressure Washing https://www.wakeforestpressurewash.com/ "Taylors Pressure Washing"","home-services"
"Tedder","Building Group http://www.tedderbuildinggroup.com/ "Tedder Building Group"","construction"
"Tedder","Building Group http://www.tedderbuildinggroup.com/ "Tedder Building Group"","home-services"
"The","Aluminum Company of North Carolina http://www.aluminumcompany.com/ "The Aluminum Company of North Carolina"","construction"
"The","Becton Law Group, PLLC http://www.sthlaw.net/ "The Becton Law Group, PLLC"","legal"
"The","Cabinet Store http://www.thecabinetstore.net/ "The Cabinet Store"","home-services"
"The","Decision Coach http://thedecisioncoach.com/ "The Decision Coach"","business-services"
"The","Efficient Office http://efficientofficenc.com/ "The Efficient Office"","business-services"
"The","Fireplace Doctor http://fireplacedoctor.net/ "The Fireplace Doctor"","home-services"
"The","Glenwood Agency http://www.glenwoodagency.com/ "The Glenwood Agency"","realestate"
"The","Happy Tooth family dentistry and orthodontics http://www.smiles4nc.com/ "The Happy Tooth family dentistry and orthodontics"","dental"
"The","Kitchen Archive https://www.thekitchenarchivenc.com/ "The Kitchen Archive"","business-services"
"The","Kitchen Specialist http://thekitchenspecialist.com/ "The Kitchen Specialist"","home-services"
"The","Law Offices of J. Randolph Ingram II Trial Attorney http://www.jringram.com/ "The Law Offices of J. Randolph Ingram II Trial Attorney"","legal"
"The","Makrs Society https://themakrssociety.com/ "The Makrs Society"","business-services"
"The","North Carolina Hammock Company https://www.nchammock.com/ "The North Carolina Hammock Company"","home-services"
"The","Peck Law Firm, P.A. http://pecklawfirm.net/ "The Peck Law Firm, P.A."","legal"
"The","Product Farm http://theproductfarm.com/ "The Product Farm"","business-services"
"The","Renovation Specialists http://www.renovationspecs.com/ "The Renovation Specialists"","home-services"
"Timeless","Photography https://www.timelessphotographync.com/ "Timeless Photography"","business-services"
"TireGuy","http://tireguync.com/ "TireGuy"","automotive"
"Tizbi","http://www.tizbi.com/ "Tizbi"","business-services"
"Top","Flight Computers https://www.topflightpc.com/ "Top Flight Computers"","business-services"
"Total","Masonry http://total-masonry.com/ "Total Masonry"","home-services"
"Total","Roof Repair http://totalroofrepair.com/ "Total Roof Repair"","construction"
"Triangle","Divorce Lawyers http://triangledivorcelawyers.com/ "Triangle Divorce Lawyers"","legal"
"Triangle","Home Gamerooms http://www.trihg.com/ "Triangle Home Gamerooms"","home-services"
"Triangle","Imports (FEATURED http://triangle-imports.com/ "Triangle Imports (FEATURED","automotive"
"Triangle","Law Group http://www.trianglelawgroup.net/ "Triangle Law Group"","legal"
"Triangle","Pond Management http://trianglepondmanagement.com/ "Triangle Pond Management"","construction"
"Triangle","Pop-Up https://www.trianglepopup.com/ "Triangle Pop-Up"","business-services"
"Triangle","Public Strategies, LLC http://trianglepublicstrategies.com/ "Triangle Public Strategies, LLC"","business-services"
"Triangle","Tax Accounting http://triangletaxaccounting.com/ "Triangle Tax Accounting"","financial"
"TSM","South Business Communication Network Systems http://www.tsmsouth.com/ "TSM South Business Communication Network Systems"","business-services"
"Unique","Hardwoods http://uniquehardwoodsnc.com/ "Unique Hardwoods"","home-services"
"Universal","Printing http://universalprinting.com/ "Universal Printing"","business-services"
"Van","Products Mobility https://vanproducts.com/ "Van Products Mobility"","automotive"
"Victory","Property Management https://victoryrealestateinc.com/raleigh/ "Victory Property Management"","home-services"
"Victory","Property Management https://victoryrealestateinc.com/raleigh/ "Victory Property Management"","realestate"
"Victory","Tire & Auto Service http://victorytireauto.com/ "Victory Tire & Auto Service"","automotive"
"Virtual","Reflections http://vreflections.com/ "Virtual Reflections"","business-services"
"Wainright","and Wassel, DDS http://northraleighdentist.com/ "Wainright and Wassel, DDS"","dental"
"Wake","Realty Inc http://www.teamwakerealty.com/ "Wake Realty Inc"","realestate"
"Wakefield","ATV https://www.wakefieldatv.com/ "Wakefield ATV"","automotive"
"Washburn","Motorsports http://www.washburnmotorsports.com/ "Washburn Motorsports"","automotive"
"We","Do Concrete Cheap http://wedoconcretecheap.com/ "We Do Concrete Cheap"","home-services"
"Weather","Master Heating and Air http://weathermasterhvac.com/ "Weather Master Heating and Air"","home-services"
"Wells","Orthodontics http://wellsortho.com/ "Wells Orthodontics"","dental"
"West","Cary Lawn Care https://westcarylawncare.com/ "West Cary Lawn Care"","home-services"
"Williams","DDS http://www.williamsdds.com/ "Williams DDS"","dental"
"Williams","Payment Solutions http://williamspaymentsolutions.com/ "Williams Payment Solutions"","business-services"
"Winland","Group LLC http://www.winlandnc.com/ "Winland Group LLC"","realestate"
"Wood","Shelving Solutions http://woodshelvingsolutions.com/ "Wood Shelving Solutions"","home-services"
"Wrenn","Home Improvements http://wrennhomeimprovements.com/ "Wrenn Home Improvements"","home-services"
"Yellow","House Gifts & More http://www.yellowhousefloralsandgifts.com/ "Yellow House Gifts & More"","home-services"
"Yolanda","Martin Homes http://www.yolandamartinhomes.com/ "Yolanda Martin Homes"","business-services"
"Yolanda","Martin Homes http://www.yolandamartinhomes.com/ "Yolanda Martin Homes"","home-services"
"Yolanda","Martin Homes http://www.yolandamartinhomes.com/ "Yolanda Martin Homes"","realestate"
"Zar","Electric http://zarelectric.net/ "Zar Electric"","home-services"
Business Name,Website,Category
