Company Name,Domain,Category,Email,Contact Name
1st Class Automotive,http://firstclassautomotive.com/,automotive,,
5 Star Awards,http://www.5starawards.net/,business-services,,
919Dents,https://www.919dents.com/,automotive,,
A Hammer and Nail Construction,http://www.ahammerandnail.com/,construction,,
A Touch of Color Painting,http://www.theraleighpaintcontractor.com/,home-services,,
A+ Power Washing,https://powerwashingnc.com/,home-services,,
Abba Bail Bonds,https://www.facebook.com/raleighbailbondsman/,legal,,
Absolute Automotive,http://absoluteautomotive.com/,automotive,,
Accent Imaging,http://www.accentimaging.com/,business-services,,
Air System Services,https://airsystemservices.com/,home-services,,
AJ Concrete Contractors,https://www.concretecontractorraleigh.com/,home-services,,
Alan's Towing & Muffler Service,http://alanstowing.com/,automotive,,
"Alford Law Firm, PLLC",http://www.alfordlawfirm.com/,legal,,
All About Blinds & Shutters,http://allaboutblindsnc.com/,home-services,,
Allen Tate Realtors,http://www.allentate.com/,real-estate,,
Alternate Access,http://alternateaccess.com/,business-services,,
"AmericaSelect Mortgage, Inc.",http://asmplanning.com/,home-services,,
Amy Crosby Photography,http://www.amycrosbyphotography.com/,business-services,,
Anderson Painting,http://www.andersonpaintingnc.com/,home-services,,
Angel Oak Creative,http://www.angeloakcreative.com/,business-services,,
ARC Powerwashing,http://arcpw.com/,home-services,,
Atlantic Auto Exchange,http://www.atlanticautoexchange.com/,automotive,,
"Auto Interiors & Tops, Inc.",http://autointeriorsandtops.com/,automotive,,
Auto Logic,http://autologiconline.com/,automotive,,
"Auto Park, Inc.",http://autoparkinc.com/about.php,automotive,,
Autohaus Import Service,http://www.autohausimportservice.com/,automotive,,
AV Agents,https://avagents.com/,business-services,,
AV Solutions,http://www.avsolutions.com/,business-services,,
AVEC Service Center,http://avecservicecenter.com/,automotive,,
B&T Expedite & Delivery Service,http://btexpedite.net/,business-services,,
Backyard Leisure,http://spapoolbilliards.com/,home-services,,
Barker Realty Inc,https://barker-inc.com/,real-estate,,
Belmonte Auto Imports,https://belmonteauto.com/,automotive,,
"Bimmer Performance Center, LLC",http://bimmerperformancecenter.com/,automotive,,
"Birch-Moore, Inc.",https://www.birchmoore.com/,home-services,,
Blackmon Insurance,https://www.blackmoninsurance.com/,business-services,,
BluPenguin Graphics,https://www.facebook.com/pg/blupenguingraphics/about/?ref=page_internal,business-services,,
Bolton Service,http://boltonservice.com/,home-services,,
Brackett Foundation Support Systems,http://brackettfoundation.com/,home-services,,
Brian Mullins Photography,https://www.brianmullinsphotography.com/,business-services,,
Brooke & Birdie Interior Design,http://www.brooke-birdie.com/,home-services,,
Burning Oak Studios,http://www.burningoakstudios.com/,business-services,,
Cabinets By Horizon,http://horizoncabinetry.com/,home-services,,
"Capital Accounting & Taxation, LLC",http://mytaxbreaks.com/,financial,,
Capital Area Workforce Development,http://www.capitalareawdb.com/,business-services,,
Capital Auto,https://capitalauto.co/,automotive,,
Capital Auto Repair and Service,http://capitalauto.co/,automotive,,
Capital Pest Services,https://www.capitalpest.com/,home-services,,
Capital Sign Solutions,http://capitalsignsolutions.com/,business-services,,
Capitol City Lumber,http://capitolcitylumber.com/,construction,,
CAR Audio & Security Inc,http://teamcaraudio.com/,automotive,,
Carolina ATM,http://carolinaatm.com/,business-services,,
Carolina Design & Construction,http://carolina-construction.com/,construction,,
Carolina Earth Movers,http://carolinaearthmovers.com/,construction,,
Carolina Pediatric Dentistry,https://carolinapedo.com/,dental,,
Carolina Restoration Services,http://carolinarestorationservices.com/,home-services,,
Carolina Sew-n-Vac,https://www.carolinasewnvac.com/,home-services,,
Carolina Water Damage Restoration,https://carolinawaterdamage.com/,business-services,,
Carpets Plus of Raleigh,http://carpetsplusraleigh.com/,home-services,,
Cary Reconstruction,http://www.callcrc.com/,construction,,
Cary Saver,http://www.carysaver.com/index.html,business-services,,
Casey B Photography,https://caseybalesphotography.weebly.com/,business-services,,
"Cast Iron Elegance, Inc.",http://www.castironelegance.com/,home-services,,
CEI - The Digital Office,http://www.copycei.com/,business-services,,
Celito Communications,http://www.celito.net/,business-services,,
Champs Asphalt Paving & Seal Coating,http://champspaving.com/,construction,,
City Autoworks,http://www.cityautoworks.com/,automotive,,
"City of Oaks Home Inspections and General Contracting, LLC",http://cityofoaksgeneralcontracting.com/,home-services,,
CITY OF OAKS LAW,http://www.lawofficejwa.com/,legal,,
CityPlat,http://cityplat.com/,real-estate,,
Clark Insurance,https://goclarkinsurance.com/,home-services,,
Clear Choice Electric,http://www.clearchoiceelectric.com/,home-services,,
"Clifton Lane, Inc.",http://cliftonlaneconstruction.com/,construction,,
Coaching Support,http://coachingsupport.com/,business-services,,
Connectmatic business technology,http://www.connectmatic.com/,business-services,,
Consult & Pepper,https://www.consultandpeppernc.com/,business-services,,
Cooperative Latino Credit Union,http://www.latinoccu.org/en,financial,,
Covenant Roofing and Construction,https://covenantroofingusa.com/,home-services,,
Cox Accounting and Financial Services,https://coxacctsvcs.com/,business-services,,
Craft Commercial,http://www.craftcommercial.com/,real-estate,,
Creative Design Constructs,http://creativedesignconstructs.com/,home-services,,
CS Financial & Accounting Services,http://csfas.com/,business-services,,
"Cubillos, Inc.",https://www.cubillosinc.com/,business-services,,
Custom Equipment Company,http://www.custommhs.com/,business-services,,
CW Performance,http://cwperformance.com/,automotive,,
"Davidson, Holland, Whitesell & Co., PLLC",http://www.dhw.net/index.php,financial,,
Dean’s Wrecker Service,https://www.deanswreckerservice.com/,automotive,,
Delta Leadership,http://deltaleadership.com/,business-services,,
Dent Eliminators,http://dentelim.com/,automotive,,
DesignBox,http://www.designbox.us/,business-services,,
Devins Law Firm,http://devinslaw.com/,legal,,
Devlin's Plumbing and Construction,http://devlinsplumbing.net/,home-services,,
DigiSign,http://digi-signs.com/,business-services,,
Dozier Law Firm PLLC,http://dozierlawfirm.com/,legal,,
Dr. Craig M. Mize DDS PA,http://drmize.com/,dental,,
Dr. Philip A. Lisk DDS,http://drlisk.com/,dental,,
Dr. Robert Kent & Associates,http://www.carolinabraces.com/,dental,,
Draperies by Townes,http://www.draperiesbytownes.com/,home-services,,
DRM Motorworx,http://www.drmmotorworx.com/,automotive,,
Eatmans Carpets and Interiors,http://eatmansinc.com/,home-services,,
Edge Office,http://edgeoffice.com/,business-services,,
"Element Service Group, Inc",http://www.callelement.com/,home-services,,
Elite Auto Sales,http://elite-auto-sales.com/,automotive,,
"Ellis Family Law, P.L.L.C. Attorneys at Law",http://www.ellisfamilylaw.com/,legal,,
Energeyes,http://energeyesonline.com/,home-services,,
Engaging Signs and Graphics,https://engagingsigns.com/,business-services,,
EnviroFix,http://envirofixinc.com/,automotive,,
Epic Auto Center,https://epicautocenter.com/,automotive,,
Eric Stearns Painting,http://ericstearns.com/,home-services,,
Erik Macenas Design,http://macenas.com/,business-services,,
Euro Motors Service and Sales,http://euromotorsdowntown.com/,automotive,,
European Performance,http://www.europeanperformance.net/,automotive,,
EZ Does It,https://ezdipressurewash.com/,home-services,,
F. Scott Davis Chimney Sweep,http://www.yourashismine.com/,home-services,,
Financial Directions Group,http://www.financialdirections.com/new/financialdirections/,financial,,
Fiscal Progress,http://fiscalprogress.org/,financial,,
"Fisher Hardwood Flooring, Inc.",http://fisherflooring.com/,home-services,,
Five Points Center for Aesthetic Dentistry,http://www.drandreaus.com/,dental,,
Focus Design Builders,http://focusdesignbuilders.com/,construction,,
French Connections,https://www.french-nc.com/?ccUser=,home-services,,
Friedrichs Automotive Service and Transmission Repair,http://fastautonc.com/,automotive,,
Frolic & Co. Photography,http://frolicandco.com/,business-services,,
Galanova,http://galanova.com/,business-services,,
Garner TV & Appliance,http://garnertv.com/,home-services,,
Garrett Electric Heating and Air,https://www.facebook.com/pages/Garrett-Electric-Heating-and-Air/397849383665149,home-services,,
Gary Davis Presents,http://garydavispresents.com/,business-services,,
"Gaylor, Inc. of North Carolina",http://gaylor.com/,home-services,,
Gillooly & Associates Realty,https://www.gilloolyrealty.com/,real-estate,,
Glas,http://www.glas.work/,business-services,,
Glass-Fix Windshield Repair,http://glassfix.wixsite.com/glassfix,automotive,,
Glenwood Smiles,http://www.glenwoodsmiles.com/,dental,,
Grass Roots Press,http://grassrootspress.net/,business-services,,
Group3 Communications,http://group3online.com/,business-services,,
Gutter Works of NC,http://gutterworksofnc.com/,home-services,,
"Hale Law Firm, PC",https://halecriminallaw.com/,legal,,
Henry's Muffler Shop,http://henrysmufflershop.com/,automotive,,
"Hesketh, inc.",http://hesketh.com/home,business-services,,
Highlands Roofing,https://www.highlands-roofing.com/,home-services,,
Hipsteria,http://www.hipsteriamodern.com/,home-services,,
Holland Rent All,http://www.hollandrentall.com/,construction,,
HOLLINGSWORTH AUTO SALES,http://www.guysautosales.net/,automotive,,
Home Styles,http://homestylin4u.com/,home-services,,
HomeTowne Realty 4042,http://www.myhtr4042.com/,real-estate,,
HUB RALEIGH,http://www.hubraleigh.com/,business-services,,
Humming Bird Creative Group,http://hummingbird-creative.com/,business-services,,
I Sharpen It,http://www.isharpenit.com/,business-services,,
I Watch Security,http://www.iwatchsecurity.com/,business-services,,
Ikiniki Photography,https://www.modelmayhem.com/ikinikiphoto,business-services,,
Import Motor Werks,http://www.imwnc.com/,automotive,,
In Focus Studios,http://infocusstudios.com/,business-services,,
Industry Supply,http://www.industrysupplyinc.com/,business-services,,
Insurance People of North Carolina,https://inspeopleofnc.com/,home-services,,
"Integrated Information Systems, Inc.",http://iisysinc.com/,business-services,,
Interior Inspirations,http://www.interior-inspirations.net/,home-services,,
Iron Box Power Distribution,http://pduwhips.com/,business-services,,
"IWC Sealcoating & Line Striping, Inc.",http://iwcsealcoating.com/,business-services,,
IWP Photography & Video,http://iwpphotography.com/,business-services,,
J Kephart Real Estate,http://jkephartre.com/,real-estate,,
Jacksons Carpentry Inc,http://jacksonscarpentry.com/,construction,,
Janko Import Cars,http://jankocars.com/,automotive,,
Jay Izso,http://www.jayizso.com/,business-services,,
Jeannie Blinson Portrait Design,http://www.jeannieblinsonphotography.com/,business-services,,
Johnson's Mobile Detailing,http://johnsonsmobiledetailing.com/,automotive,,
June-Neri Financial,http://junenerifinancial.com/junenerifinancial.aspx,financial,,
"K Lynn Innovations, LLC",https://www.klynninnovations.com/,business-services,,
Kathy Howard Portrait,https://www.kathyhowardportrait.com/,business-services,,
Kelley Family Law & Mediation,http://www.kelley-familylaw.com/,legal,,
Kenny Hawkins Automotive,http://www.kennyhawkins.com/,automotive,,
"Khot & Associates, PLLC",http://khotlaw.com/,legal,,
Killer Creative Group,http://killercreative.net/,business-services,,
Krichco Construction Inc.,http://krichco.com/,construction,,
"Kuson Construction Company, LLC",http://www.kusanconstruction.com/,home-services,,
Laser Support Services - Printer Stop,http://printerstop.com/,business-services,,
Law Office of D. Hardison Wood,http://www.hardisonwood.com/,legal,,
Lease A Sales Rep,http://leaseasalesrep.com/,business-services,,
Leaves Out,http://raleighgutterguards.com/,home-services,,
"Ledbetter & Titsworth, PA",http://mynclawyer.com/,legal,,
"Lee's Hardwood Floors, Inc.",http://www.leeshardwoodfloors.com/,home-services,,
Legacy Lighting,http://www.legacylightingllc.com/main.html,home-services,,
"Levinson & Axford Law, P.A.",http://levinsonaxfordlaw.com/,legal,,
Lie + Loft,https://lieandloft.com/,home-services,,
Lighthouse Garage Doors,http://www.lighthousedoor.com/,home-services,,
"Linda Craft & Team, REALTORS®",http://www.lindacraft.com/,real-estate,,
Liquid Designs,http://www.liquiddesignsnc.com/,home-services,,
Lisa Parkinson Photography,https://www.facebook.com/LisaParkinsonPhotography/?hc_location=ufi,business-services,,
Live Oak Leadership,http://liveoakleadership.net/,business-services,,
LiveGreen Inc,http://livegreeninc.com/,home-services,,
Lizard Lick Towing,http://lizardlicktowing.com/,automotive,,
Lone Star Mercantile,http://lonestarmercantile.blogspot.com/,home-services,,
Lovette Properties,https://lovetteproperties.com/,real-estate,,
LSM Insurance Associates,http://lsminsurance.net/,business-services,,
Lundie's Photography,http://lundiesphotography.com/,business-services,,
"M&M Consultants, Inc.",http://mikemcconchie.com/,business-services,,
Magnolia Estate sales,https://www.magnoliaestatesales.net/,real-estate,,
Majestic Solutions,http://majesticsolutionsinc.com/,automotive,,
Make A Key Locksmith,https://www.makeakey.com/,home-services,,
Marinello Designs,http://marinellodesigns.com/,business-services,,
"Matrix Painting, Inc.",http://www.matrixpaintinginc.com/,home-services,,
Maximum Security Advantage,http://whensafetymatters.com/,home-services,,
MAZ Landscaping,https://mazlandscaping.com/,home-services,,
Michael Holesh DDS,http://holeshfamilydentistry.com/,dental,,
"Mitchell & Nemitz, PA",https://mitchellnemitzcpa.com/,business-services,,
MMI Public Relations,http://mmipublicrelations.com/,business-services,,
"Moesta & Fife, PLLC",http://moestalaw.com/,legal,,
Mogy Law,https://919law.com/,legal,,
"Monograms, Inc.",http://www.monogramsinc.net/,home-services,,
Moore Printing & Graphics,http://moorepandg.com/,business-services,,
Move Elders with Ease,http://moveelderswithease.com/,home-services,,
Murdock and Gannon,http://murdockandgannon.com/,construction,,
Murray's New & Used Tire Bargains,http://murraystirebargains.com/,automotive,,
My Dog Tess,http://www.mydogtess.com/,real-estate,,
My Pro Photographer,https://www.myprophotographer.com/,business-services,,
Myrick's Cabinet Shop,http://myrickscabinetshop.com/,home-services,,
NC Appliance,http://www.raleighappliancerepairs.org/,home-services,,
NC Rebuild,http://ncrebuild.com/,home-services,,
NC Siding And Windows,http://ncsidingandwindows.com/,home-services,,
NC Solar Now,http://ncsolarnow.com/,home-services,,
Neu Wave Systems,http://neuwavesystems.com/,home-services,,
New Image Improvements,http://newimageimprovements.com/,home-services,,
Non Stop Portals,http://nonstopportals.com/,business-services,,
North Carolina Hispanic Chamber of Commerce,http://nchispanicchamber.org/welcome/,business-services,,
O'Neal & Company Realtors,http://johnoneal.net/,real-estate,,
Oak City Customs,https://oakcitycustoms.com/,home-services,,
Oceanic Communications,http://seacom.net/,business-services,,
Old Raleigh Carpentry,http://oldraleighcarpentry.com/,home-services,,
Old South Masonry,http://www.oldsouthmasonryinc.com/,home-services,,
Olsen Realty Group,https://org-nc.com/,real-estate,,
Olson Home Services,http://olsonhomeservices.com/,home-services,,
Olson Realty Group,http://org-nc.com/,real-estate,,
One Call Plumbing Services,http://onecallplumbing.com/,home-services,,
Orange Recycling Services,http://orangerecyclingservices.com/,business-services,,
Oz Roofing & Services,http://www.ozroofing.com/,home-services,,
Patrick Realty,http://patrickrealty.com/,real-estate,,
"Paul Coggins, DDS, MPH family and cosmetic dentistry",http://paulcogginsdds.com/,dental,,
PCMaximum,http://pcmaximum.net/,business-services,,
Peak Junk Removal,https://peakjunkremoval.com/,home-services,,
Percivall Advertising,http://percivalladvertising.com/,business-services,,
Performance Automall,http://www.performanceautomall.com/index.htm,automotive,,
Phenix Custom Carpentry,https://www.facebook.com/Phenixcustomcarpentry,home-services,,
Pimp My Game Room,http://pimpmygameroom.com/,home-services,,
Pinnacle Towing Service,http://pinnacletowingservice.com/,automotive,,
Point Concepts,http://pointconcepts.com/,business-services,,
Precision Collision Repair,http://precisioncollision.net/Home.html,automotive,,
Precision Pressure Wash Inc.,http://precisionpressurewash.com/,home-services,,
Precision Walls,http://www.precisionwalls.com/index.html,business-services,,
Premier Dentistry of Wake Forest,http://premierdentistryofwakeforest.com/,dental,,
Premium Imports,http://www.premiumimp.com/,automotive,,
Prestige Pools,http://prestigepoolsnc.com/,home-services,,
Pro Green Company,http://www.progreenco.com/,construction,,
Professional Billiards,https://www.pooltablemechanics.com/,home-services,,
Professional Design & Imprints,http://www.pdi-prints.com/,business-services,,
Protekt Pest Solutions,http://www.protektpest.com/,home-services,,
Quality Construction Products,http://qcpcolor.com/,home-services,,
Quality Counts Mechanical Services,http://qualitycountsmechanical.com/,home-services,,
Quick Moves Moving Company,http://quickmovesnc.com/,home-services,,
Raiment Designs,http://www.raimentdesigns.com/,home-services,,
Raleigh Allsec Garage Doors,http://raleigh-garage-doors-allsec.com/,home-services,,
Raleigh Comprehensive and Cosmetic Dentistry,http://raleighdentist.com/,dental,,
Raleigh Custom Homes,http://raleighcustomhomes.net/,real-estate,,
Raleigh Garage Doors,http://garagedoorrepairraleighnc.com/,home-services,,
Raleigh Gutter Pros,http://www.raleighgutterpros.com/,home-services,,
Raleigh Merchant Services,http://raleighmerchantservices.com/,business-services,,
Raleigh New Home Realty,https://raleighnewhomerealty.com/,real-estate,,
Raleigh Pediatric Dentistry,http://raleighpedo.com/,dental,,
Raleigh Realty Homes,https://www.raleighrealtyhomes.com/,home-services,,
Ready Wrench,http://readywrench.net/,home-services,,
Real Detail,https://realdetailnc.com/,automotive,,
Rebecca Keller Photography,http://rebeccakellerphotography.com/,business-services,,
ReCo Cleaning Services,https://www.recocleaning.com/,home-services,,
Red Bridge Photography,http://redbridgephoto.com/,business-services,,
Red Feather Designs,http://www.facebook.com/RedFeatherDesigns,home-services,,
Reliable Import Service,http://www.reliableimportservice.com/,automotive,,
Renaissance Dental Center,http://northhillsdentists.com/,dental,,
Response Point,http://responsepoint.com/,business-services,,
Richardson Law Firm,http://www.kwrlawfirm.net/,legal,,
Right Brain Branding Consultants,http://rightbrainstudio.com/,business-services,,
Right Connections,http://rightconnectionsnc.com/,home-services,,
Right Foot Forward Marketing and Web Design,http://www.rightfootforward.info/,business-services,,
Rising Sun Pools - Pools and Spas,http://risingsunpools.com/,home-services,,
Riverview Galleries Fine Furniture & Interiors,http://furniturestorenc.com/,home-services,,
RJR Appraisals,http://www.rjrappraisals.com/,home-services,,
"Robert B. Allen, D.D.S., P.A.",http://www.raleighdentalexcellence.com/,dental,,
Rufty Homes,http://ruftyhomes.com/,construction,,
Rural Plumbing and Heating,http://rphnc.com/,home-services,,
Ryan's Auto World,http://ryansautoworld.com/,automotive,,
S&A Cherokee Intelligent Communications,http://www.sacherokee.com/,business-services,,
ScriptureArt,http://scriptureartdesigns.com/,home-services,,
Season Moore Portraits for Professionals,http://www.ncheadshots.com/,business-services,,
"Secure Network Administration, Inc.",http://securena.com/,business-services,,
Sew Fine II,http://sewfine2.com/,home-services,,
Sharkys Auto Glass,http://www.sharkysautoglass.com/,automotive,,
Shop Local Raleigh,https://shoplocalraleigh.org/,business-services,,
Shutterlab Creative,http://shutterlabcreative.com/,business-services,,
Sign Scientist,http://signscientist.com/,business-services,,
Simply Bliss Studio,http://www.simplyblissstudio.com/,business-services,,
Site Scapes,http://site-scapes.com/,home-services,,
Sly Fox Marketing and Promotion,http://www.slyfoxmarketingandpromotion.com/,business-services,,
"Smith & Smith, CPA, P.C.",http://www.smithandsmithcpa.com/,financial,,
"Smith Bowers, PLLC",http://smithbowers.com/,business-services,,
Sound Office Solutions Inc,http://soundos.com/,business-services,,
Southern Classic Cars,http://southernclassiccarsnc.com/index.php?section=1,automotive,,
Southern Energy Management,https://southern-energy.com/,home-services,,
Southern Label Services,http://www.southernlabelservices.com/,business-services,,
Sparkkles Restoration,http://sparkkles.com/,home-services,,
Spritzer Commercial Properties,http://spritzercommercial.com/,business-services,,
St. Mary's Family Dentistry,http://stmarysdds.com/,dental,,
Staff Zone temporary staffing,http://thestaffzone.com/,business-services,,
Stainless Steel Specialties,http://www.ssspec.com/,construction,,
Standard Repair & Paint Contractors,http://www.standardrepairandpaint.com/,construction,,
Stein Finishes Painting Company,http://steinpainting.com/,home-services,,
Sterling Employment Solutions,http://www.sterlingemployment.com/,business-services,,
Stetten Home Services,http://energyhandyman.com/,home-services,,
Stetten Home Services,https://energyhandyman.com/,home-services,,
Stetten Realty Inc,http://stettenrealty.com/,real-estate,,
Steve Minor Appraisals and Estate Liquidations,https://www.steveminorestatesales.com/,real-estate,,
Steven Walker Brand Development and Coaching for Growing Companies,http://imwithwwe.wix.com/mybizcoach#!,business-services,,
"Stewart's Heating and Air Conditioning, Inc.",http://www.stewartsheatingandair.com/,home-services,,
studio a+h,https://www.studioaandh.com/,home-services,,
"Successful Staging, LLC",http://successfulstaging.com/,home-services,,
Sunrise Dental,http://dinahvice-sunrisedental.com/,dental,,
SuperWillie Productions,https://www.superwillieproductions.com/,business-services,,
Supremia Dentistry,http://www.supremiadentistry.com/,dental,,
Sustainable Pest Systems,http://sustainablepest.com/,home-services,,
Sweeps,http://sweeps.jobs/,home-services,,
Sweet Home Investment Realty,https://www.sweethomeraleigh.com/,real-estate,,
"Taibi Kornbluth Law Group, P.A.",http://www.taibikornbluth.com/,legal,,
Tanya Young Modern Visual Arts,http://www.tanyayoung.com/,business-services,,
Tara Lee Consulting,http://www.taraleeconsulting.com/,business-services,,
Taylors Pressure Washing,https://www.wakeforestpressurewash.com/,home-services,,
Tedder Building Group,http://www.tedderbuildinggroup.com/,home-services,,
The Aluminum Company of North Carolina,http://www.aluminumcompany.com/,construction,,
"The Becton Law Group, PLLC",http://www.sthlaw.net/,legal,,
The Cabinet Store,http://www.thecabinetstore.net/,home-services,,
The Decision Coach,http://thedecisioncoach.com/,business-services,,
The Efficient Office,http://efficientofficenc.com/,business-services,,
The Fireplace Doctor,http://fireplacedoctor.net/,home-services,,
The Glenwood Agency,http://www.glenwoodagency.com/,real-estate,,
The Happy Tooth family dentistry and orthodontics,http://www.smiles4nc.com/,dental,,
The Kitchen Archive,https://www.thekitchenarchivenc.com/,business-services,,
The Kitchen Specialist,http://thekitchenspecialist.com/,home-services,,
The Law Offices of J. Randolph Ingram II Trial Attorney,http://www.jringram.com/,legal,,
The Makrs Society,https://themakrssociety.com/,business-services,,
The North Carolina Hammock Company,https://www.nchammock.com/,home-services,,
"The Peck Law Firm, P.A.",http://pecklawfirm.net/,legal,,
The Product Farm,http://theproductfarm.com/,business-services,,
The Renovation Specialists,http://www.renovationspecs.com/,home-services,,
Timeless Photography,https://www.timelessphotographync.com/,business-services,,
TireGuy,http://tireguync.com/,automotive,,
Tizbi,http://www.tizbi.com/,business-services,,
Top Flight Computers,https://www.topflightpc.com/,business-services,,
Total Masonry,http://total-masonry.com/,home-services,,
Total Roof Repair,http://totalroofrepair.com/,construction,,
Triangle Divorce Lawyers,http://triangledivorcelawyers.com/,legal,,
Triangle Home Gamerooms,http://www.trihg.com/,home-services,,
Triangle Imports,http://triangle-imports.com/,automotive,,
Triangle Law Group,http://www.trianglelawgroup.net/,legal,,
Triangle Pond Management,http://trianglepondmanagement.com/,construction,,
Triangle Pop-Up,https://www.trianglepopup.com/,business-services,,
"Triangle Public Strategies, LLC",http://trianglepublicstrategies.com/,business-services,,
Triangle Tax Accounting,http://triangletaxaccounting.com/,financial,,
TSM South Business Communication Network Systems,http://www.tsmsouth.com/,business-services,,
Unique Hardwoods,http://uniquehardwoodsnc.com/,home-services,,
Universal Printing,http://universalprinting.com/,business-services,,
Van Products Mobility,https://vanproducts.com/,automotive,,
Victory Property Management,https://victoryrealestateinc.com/raleigh/,home-services,,
Victory Tire & Auto Service,http://victorytireauto.com/,automotive,,
Virtual Reflections,http://vreflections.com/,business-services,,
"Wainright and Wassel, DDS",http://northraleighdentist.com/,dental,,
Wake Realty Inc,http://www.teamwakerealty.com/,real-estate,,
Wakefield ATV,https://www.wakefieldatv.com/,automotive,,
Washburn Motorsports,http://www.washburnmotorsports.com/,automotive,,
We Do Concrete Cheap,http://wedoconcretecheap.com/,home-services,,
Weather Master Heating and Air,http://weathermasterhvac.com/,home-services,,
Wells Orthodontics,http://wellsortho.com/,dental,,
West Cary Lawn Care,https://westcarylawncare.com/,home-services,,
Williams DDS,http://www.williamsdds.com/,dental,,
Williams Payment Solutions,http://williamspaymentsolutions.com/,business-services,,
Winland Group LLC,http://www.winlandnc.com/,real-estate,,
Wood Shelving Solutions,http://woodshelvingsolutions.com/,home-services,,
Wrenn Home Improvements,http://wrennhomeimprovements.com/,home-services,,
Yellow House Gifts & More,http://www.yellowhousefloralsandgifts.com/,home-services,,
Yolanda Martin Homes,http://www.yolandamartinhomes.com/,home-services,,
Zar Electric,http://zarelectric.net/,home-services,,
